metric,fact_point,fact_ci_lower,fact_ci_upper,n_facts,group_point,group_ci_lower,group_ci_upper,n_groups
composite_stability,0.593995,0.576352,0.611821,29,0.592687,0.569498,0.616147,535
semantic_score,0.915201,0.905557,0.924839,29,0.916896,0.908539,0.924977,535
factual_score,0.538242,0.514779,0.562932,29,0.53414,0.500485,0.567718,535
hallucination_rate,0.652874,0.610803,0.694139,29,0.653458,0.616636,0.689911,535
extraction_failure_rate,0.171724,0.124769,0.219484,29,0.168972,0.143178,0.195888,535
